,index,seriesuid,class
0,2699,1.3.6.1.4.1.14519.5.2.1.6279.6001.100530488926682752765845212286,0
1,3171,1.3.6.1.4.1.14519.5.2.1.6279.6001.100620385482151095585000946543,0
